City_ID,City,Country,Lat,Lng,Max Temp,Humidity,Cloudiness,Wind Speed,Current Description
0,Faya,SA,18.3851,42.4509,84.72,32,54,7.61,broken clouds
1,Meulaboh,ID,4.1363,96.1285,83.89,67,93,7.72,overcast clouds
2,Kinston,US,35.2627,-77.5816,71.78,94,0,0.0,mist
3,Pisco,PE,-13.7,-76.2167,55.45,88,100,0.0,mist
4,Henties Bay,NA,-22.116,14.2845,59.9,72,9,3.94,clear sky
5,Cabo San Lucas,MX,22.8909,-109.9124,82.51,69,7,3.0,clear sky
6,Provideniya,RU,64.3833,-173.3,48.34,90,96,4.74,overcast clouds
7,Teluk Intan,MY,4.0259,101.0213,87.87,60,100,8.21,overcast clouds
8,Chokurdakh,RU,70.6333,147.9167,43.32,82,100,10.2,overcast clouds
9,Hilo,US,19.7297,-155.09,79.29,97,100,3.44,overcast clouds
10,Dingle,PH,10.9995,122.6711,84.29,78,100,3.24,overcast clouds
11,Upernavik,GL,72.7868,-56.1549,40.82,92,100,24.38,overcast clouds
12,Nikolskoye,RU,59.7035,30.7861,79.92,39,71,9.53,broken clouds
13,Ushuaia,AR,-54.8,-68.3,38.86,81,75,9.22,broken clouds
14,Cape Town,ZA,-33.9258,18.4232,64.38,73,75,19.57,broken clouds
15,Luderitz,NA,-26.6481,15.1594,62.85,58,0,7.54,clear sky
16,Cherskiy,RU,68.75,161.3,62.89,58,33,4.16,scattered clouds
17,Avarua,CK,-21.2078,-159.775,71.65,78,20,3.44,few clouds
18,Hobart,AU,-42.8794,147.3294,53.26,79,75,4.61,broken clouds
19,Mar Del Plata,AR,-38.0023,-57.5575,52.88,84,0,6.91,clear sky
20,Bambous Virieux,MU,-20.3428,57.7575,75.45,53,75,16.11,broken clouds
21,Danshui,CN,22.7984,114.4672,88.68,65,100,15.21,light rain
22,Arraial Do Cabo,BR,-22.9661,-42.0278,67.86,87,78,12.95,broken clouds
23,Vaini,TO,-21.2,-175.2,69.96,94,20,5.75,few clouds
24,Tessalit,ML,20.1986,1.0114,88.97,37,58,18.75,broken clouds
25,Albany,US,42.6001,-73.9662,67.3,95,56,4.54,broken clouds
26,Kapaa,US,22.0752,-159.319,80.58,91,75,4.61,broken clouds
27,Hermanus,ZA,-34.4187,19.2345,68.81,54,100,7.02,overcast clouds
28,Tuktoyaktuk,CA,69.4541,-133.0374,50.81,78,100,13.22,overcast clouds
29,Mataura,NZ,-46.1927,168.8643,36.59,84,5,1.34,clear sky
30,Chazuta,PE,-6.5742,-76.1367,68.38,80,6,1.43,clear sky
31,Castro,BR,-24.7911,-50.0119,47.25,99,66,3.4,broken clouds
32,Ahipara,NZ,-35.1667,173.1667,56.1,76,100,6.33,overcast clouds
33,Punta Arenas,CL,-53.15,-70.9167,39.31,87,40,16.11,scattered clouds
34,Lesnoye,RU,58.2841,35.5158,82.94,39,21,6.02,few clouds
35,Qaanaaq,GL,77.484,-69.3632,33.62,63,87,7.31,overcast clouds
36,Atuona,PF,-9.8,-139.0333,76.39,67,5,6.67,clear sky
37,Hibbing,US,47.4272,-92.9377,64.38,82,0,0.0,mist
38,Tasiilaq,GL,65.6145,-37.6368,35.76,74,15,3.13,few clouds
39,Mount Gambier,AU,-37.8333,140.7667,51.71,93,40,13.8,scattered clouds
40,Poum,NC,-20.2333,164.0167,75.65,73,0,18.57,clear sky
41,Busselton,AU,-33.65,115.3333,61.61,53,100,4.38,overcast clouds
42,Tiksi,RU,71.6872,128.8694,44.73,74,93,6.29,overcast clouds
43,Dalby,AU,-27.1833,151.2667,50.47,42,0,11.77,clear sky
44,New Norfolk,AU,-42.7826,147.0587,52.92,81,100,1.99,overcast clouds
45,Mahon,ES,39.8885,4.2658,82.96,61,20,9.22,few clouds
46,Mazagao,BR,-0.115,-51.2894,77.05,95,100,3.38,overcast clouds
47,Hithadhoo,MV,-0.6,73.0833,82.26,73,48,10.51,scattered clouds
48,Nanortalik,GL,60.1432,-45.2371,42.89,90,90,7.49,overcast clouds
49,Talnakh,RU,69.4865,88.3972,56.21,95,100,11.1,light rain
50,Sao Joao Da Barra,BR,-21.6403,-41.0511,67.77,89,47,4.65,scattered clouds
51,Norman Wells,CA,65.282,-126.8329,59.04,77,75,4.61,broken clouds
52,Mizan Teferi,ET,6.9833,35.5833,66.74,91,55,1.48,moderate rain
53,Half Moon Bay,US,37.4636,-122.4286,63.1,91,100,9.22,mist
54,Nuevo Progreso,MX,23.1667,-97.95,79.54,73,95,5.79,overcast clouds
55,Torbay,CA,47.6666,-52.7314,66.16,96,100,14.97,light rain
56,San Patricio,US,28.017,-97.5169,84.88,82,99,1.23,overcast clouds
57,Touros,BR,-5.1989,-35.4608,71.71,93,66,13.33,broken clouds
58,Wloclawek,PL,52.6482,19.0678,76.51,58,35,4.92,scattered clouds
59,Angoche,MZ,-16.2325,39.9086,77.07,67,63,12.75,light rain
60,Kahului,US,20.8947,-156.47,80.62,79,40,5.75,scattered clouds
61,Longyearbyen,SJ,78.2186,15.6401,42.64,75,75,14.97,broken clouds
62,Saint-Philippe,RE,-21.3585,55.7679,76.59,66,47,13.18,scattered clouds
63,Batagay-Alyta,RU,67.8006,130.4114,47.84,73,100,9.55,overcast clouds
64,Lorengau,PG,-2.0226,147.2712,82.26,69,35,6.04,scattered clouds
65,Kushiro,JP,42.975,144.3747,77.95,53,20,6.91,few clouds
66,Butaritari,KI,3.0707,172.7902,82.27,69,7,12.15,clear sky
67,Elat,IL,29.5581,34.9482,91.24,43,0,5.75,clear sky
68,Grindavik,IS,63.8424,-22.4338,48.67,87,20,18.41,few clouds
69,Tuy Hoa,VN,13.0833,109.3,91.42,55,98,6.44,overcast clouds
70,Farah,AF,32.5,62.5,87.78,8,0,7.49,clear sky
71,Coquimbo,CL,-29.9533,-71.3436,51.53,100,100,2.3,overcast clouds
72,Rikitea,PF,-23.1203,-134.9692,70.79,70,11,14.29,few clouds
73,Puerto Ayora,EC,-0.7393,-90.3518,66.54,88,59,5.01,broken clouds
74,College,US,64.8569,-147.8028,55.98,80,75,3.44,broken clouds
75,East London,ZA,-33.0153,27.9116,83.34,26,0,14.97,clear sky
76,Puyo,EC,-1.4667,-77.9833,58.57,96,6,3.65,clear sky
77,Geraldton,AU,-28.7667,114.6,72.01,37,98,6.91,overcast clouds
78,Thiruvananthapuram,IN,8.4833,76.9167,82.38,78,100,11.5,mist
79,Zemio,CF,5.0314,25.1361,78.55,68,90,0.18,overcast clouds
80,Hami,CN,42.8,93.45,88.7,11,5,8.21,clear sky
81,Saskylakh,RU,71.9167,114.0833,45.75,60,77,2.95,broken clouds
82,Port Elizabeth,ZA,-33.918,25.5701,84.31,32,0,6.91,clear sky
83,Vega De Alatorre,MX,20.0333,-96.6333,79.47,80,15,6.35,few clouds
84,Tuatapere,NZ,-46.1333,167.6833,40.77,77,6,3.24,clear sky
85,Clyde River,CA,70.4692,-68.5914,34.03,100,100,10.36,light rain
86,Mende,FR,44.6667,3.5,66.9,54,80,3.13,broken clouds
87,Altamont,US,42.2068,-121.7372,63.77,72,0,0.0,clear sky
88,Grants Pass,US,42.439,-123.3284,68.59,66,0,0.0,clear sky
89,Champerico,GT,14.3,-91.9167,77.27,85,21,3.94,few clouds
90,Lavrentiya,RU,65.5833,-171.0,42.89,89,77,6.76,broken clouds
91,Mandera,KE,3.9366,41.867,82.04,51,94,21.61,overcast clouds
92,Fortuna,US,40.5982,-124.1573,59.34,92,99,0.67,overcast clouds
93,Fagernes,NO,60.9858,9.2324,66.92,71,99,3.13,overcast clouds
94,Northam,GB,51.0333,-4.2167,64.62,97,100,4.32,overcast clouds
95,Lata,PT,40.1629,-8.3327,68.45,79,63,2.39,broken clouds
96,Vila Velha,BR,-20.3297,-40.2925,63.95,94,75,2.3,broken clouds
97,Bengkulu,ID,-3.8004,102.2655,83.43,69,91,7.87,overcast clouds
98,Huambo,AO,-12.7761,15.7392,71.91,28,81,5.61,broken clouds
99,Pedernales,DO,18.0384,-71.744,80.35,71,100,4.03,overcast clouds
100,Ribeira Grande,PT,38.5167,-28.7,70.2,83,20,4.61,few clouds
101,Bluff,NZ,-46.6,168.3333,46.96,60,26,12.21,scattered clouds
102,Bubaque,GW,11.2833,-15.8333,80.82,80,100,11.01,overcast clouds
103,Yellowknife,CA,62.456,-114.3525,54.12,66,75,10.36,broken clouds
104,Chicama,PE,-7.8447,-79.1469,57.74,90,45,4.12,scattered clouds
105,Mount Isa,AU,-20.7333,139.5,64.17,15,0,17.27,clear sky
106,Necochea,AR,-38.5473,-58.7368,50.72,67,100,9.24,overcast clouds
107,Otukpo,NG,7.1913,8.1329,72.86,93,100,3.85,light rain
108,Chiang Khong,TH,20.2613,100.4046,94.39,47,53,3.38,broken clouds
109,Nabire,ID,-3.3667,135.4833,80.19,83,94,2.04,overcast clouds
110,Singapore,SG,1.2897,103.8501,89.55,60,75,9.22,broken clouds
111,Georgetown,MY,5.4112,100.3354,87.89,74,20,5.75,thunderstorm
112,Havre-Saint-Pierre,CA,50.2334,-63.5986,59.0,100,100,3.44,mist
113,Gat,IL,31.61,34.7642,91.4,32,0,4.54,clear sky
114,Condoto,CO,5.0935,-76.6497,71.65,98,94,1.79,overcast clouds
115,Jamestown,US,42.097,-79.2353,63.72,74,75,3.44,fog
116,Lebu,CL,-37.6167,-73.65,46.9,86,87,12.68,overcast clouds
117,Esperance,AU,-33.8667,121.9,55.96,66,57,10.71,broken clouds
118,Cody,US,44.5263,-109.0565,64.02,82,0,4.61,clear sky
119,Verkhnevilyuysk,RU,63.4453,120.3167,47.86,85,100,6.33,overcast clouds
120,Sri Aman,MY,1.2376,111.4621,91.45,62,40,0.0,scattered clouds
121,Port-Gentil,GA,-0.7193,8.7815,78.76,78,75,4.61,broken clouds
122,Launceston,AU,-41.45,147.1667,53.8,84,75,8.05,broken clouds
123,Pevek,RU,69.7008,170.3133,48.09,76,99,7.34,overcast clouds
124,Ilam,NP,26.9167,87.9167,78.39,84,75,3.83,broken clouds
125,Bredasdorp,ZA,-34.5322,20.0403,69.93,36,100,4.83,overcast clouds
126,Lac Du Bonnet,CA,50.2536,-96.0612,58.82,87,81,1.81,broken clouds
127,Saint-Augustin,CA,51.226,-58.6502,60.44,94,100,5.19,overcast clouds
128,Mehamn,NO,71.0357,27.8492,49.95,71,75,11.5,broken clouds
129,Tateyama,JP,34.9833,139.8667,79.11,84,100,10.04,moderate rain
130,Kavieng,PG,-2.5744,150.7967,82.67,68,45,5.66,scattered clouds
131,Srednekolymsk,RU,67.45,153.6833,50.88,89,100,8.43,overcast clouds
132,Portland,US,45.5234,-122.6762,69.75,75,0,4.0,clear sky
133,Barrow,US,71.2906,-156.7887,42.44,93,100,10.31,overcast clouds
134,Olimpia,BR,-20.7372,-48.9147,60.69,63,42,6.93,scattered clouds
135,Batemans Bay,AU,-35.7167,150.1833,54.1,62,92,1.28,overcast clouds
136,Young,UY,-32.6833,-57.6333,57.52,85,71,5.7,broken clouds
137,Saint George,US,37.1041,-113.5841,82.99,37,0,4.61,clear sky
138,Ardatov,RU,55.2421,43.097,75.76,47,98,4.45,overcast clouds
139,Bethel,US,41.3712,-73.414,69.66,85,0,4.61,clear sky
140,Carnarvon,AU,-24.8667,113.6333,77.16,27,20,6.8,few clouds
141,Port Alfred,ZA,-33.5906,26.891,77.25,39,20,10.54,few clouds
142,Evensk,RU,61.95,159.2333,53.44,94,100,30.65,heavy intensity rain
143,Husavik,IS,66.0449,-17.3389,46.65,89,100,4.29,overcast clouds
144,Lagoa,PT,39.05,-27.9833,72.45,74,100,4.07,light rain
145,Chara,RU,56.9064,118.2631,55.35,71,100,5.99,light rain
146,Isangel,VU,-19.55,169.2667,73.94,82,0,6.6,clear sky
147,Caravelas,BR,-17.7125,-39.2481,65.34,92,8,2.53,clear sky
148,Dhandhuka,IN,22.3667,71.9833,88.79,55,92,11.39,overcast clouds
149,Bolkhov,RU,53.4433,36.0044,78.8,32,74,10.33,broken clouds
150,Charters Towers,AU,-20.1,146.2667,64.99,35,0,12.01,clear sky
151,Bathsheba,BB,13.2167,-59.5167,81.21,78,20,11.5,few clouds
152,Quatre Cocos,MU,-20.2078,57.7625,76.08,64,92,17.63,overcast clouds
153,Revelstoke,CA,50.9832,-118.2023,64.42,82,75,0.0,haze
154,Bayanday,RU,53.0661,105.5139,52.47,65,100,12.35,light rain
155,Ponta Do Sol,PT,32.6667,-17.1,73.0,77,8,4.16,clear sky
156,Bardiyah,LY,31.7561,25.0865,81.61,59,0,8.61,clear sky
157,Hundested,DK,55.9667,11.8667,73.81,66,69,10.6,broken clouds
158,Kalmunai,LK,7.4167,81.8167,91.89,50,97,5.64,overcast clouds
159,San Cristobal,VE,7.7669,-72.225,63.79,98,70,3.38,broken clouds
160,Constitucion,CL,-35.3333,-72.4167,50.88,79,100,6.22,overcast clouds
161,Mecca,SA,21.4267,39.8261,110.12,8,8,10.6,clear sky
162,Tampin,MY,2.4701,102.2302,89.02,59,100,6.33,overcast clouds
163,Paamiut,GL,61.994,-49.6678,42.69,91,51,4.56,broken clouds
164,Morbegno,IT,46.1383,9.57,81.52,50,11,2.35,few clouds
165,Bay Roberts,CA,47.5999,-53.2648,66.15,98,100,1.01,light rain
166,Lakatoro,VU,-16.0999,167.4164,78.04,82,11,10.09,few clouds
167,Mayo,US,38.8876,-76.5119,74.1,87,0,3.44,clear sky
168,Mandurah,AU,-32.55,115.7,63.91,54,100,11.25,overcast clouds
169,Mansa,IN,29.9833,75.3833,90.79,55,87,12.39,overcast clouds
170,Malakal,SS,9.5334,31.6605,72.01,94,100,2.35,light rain
171,Kolyvan,RU,55.3053,82.7391,73.02,42,12,6.26,few clouds
172,Jarvakandi,EE,58.7789,24.8258,74.95,55,90,3.8,overcast clouds
173,Khatanga,RU,71.9667,102.5,44.71,87,100,11.36,light rain
174,Katobu,ID,-4.9408,122.5276,83.52,62,92,9.62,overcast clouds
175,Alamosa,US,37.4695,-105.87,53.58,87,0,6.91,clear sky
176,Mincivan,AZ,39.0294,46.7185,84.09,26,0,6.91,clear sky
177,Chifeng,CN,42.2683,118.9636,79.47,27,94,6.91,overcast clouds
178,Guayaramerin,BO,-10.8368,-65.3614,71.01,57,65,2.13,broken clouds
179,Black Diamond,US,47.3087,-122.0032,66.0,83,4,1.01,clear sky
180,Perpignan,FR,42.75,2.75,82.04,45,0,5.75,clear sky
181,Nizhniy Kuranakh,RU,58.8353,125.4869,56.05,62,86,6.51,overcast clouds
182,Verkhnechusovskiye Gorodki,RU,58.1671,57.1086,80.42,46,5,5.39,clear sky
183,Carutapera,BR,-1.195,-46.02,76.91,87,89,8.28,overcast clouds
184,Dibulla,CO,11.2725,-73.3091,76.8,78,89,3.65,overcast clouds
185,San Quintin,MX,30.4833,-115.95,70.61,81,0,4.09,clear sky
186,Jacqueville,CI,5.2052,-4.4146,74.75,88,100,8.97,light rain
187,Wanning,CN,18.8003,110.3967,86.95,74,100,1.45,moderate rain
188,Baykit,RU,61.67,96.37,53.4,92,100,3.33,overcast clouds
189,Yulara,AU,-25.2406,130.9889,63.01,20,0,16.46,clear sky
190,Sisimiut,GL,66.9395,-53.6735,42.75,74,100,10.25,overcast clouds
191,Mikuni,JP,36.2171,136.1519,80.51,78,100,13.35,overcast clouds
192,Smithers,CA,54.7804,-127.1743,59.32,100,0,2.3,clear sky
193,Onega,RU,63.9061,38.1404,64.09,60,100,4.54,overcast clouds
194,Cadillac,US,44.2519,-85.4012,57.11,94,0,0.0,clear sky
195,Gwadar,PK,25.1216,62.3254,84.87,71,90,9.8,overcast clouds
196,Pinawa,CA,50.1489,-95.8811,59.79,87,94,2.08,overcast clouds
197,Dikson,RU,73.5069,80.5464,42.13,92,100,17.38,overcast clouds
198,Palmas,BR,-10.2128,-48.3603,73.27,60,0,5.75,clear sky
199,Manokwari,ID,-0.8667,134.0833,82.8,72,100,8.88,overcast clouds
200,Muravlenko,RU,63.7898,74.523,76.21,41,62,17.56,broken clouds
201,Kathu,TH,7.9178,98.3332,87.62,99,64,12.93,light rain
202,Faanui,PF,-16.4833,-151.75,77.38,75,6,10.04,clear sky
203,Jining,CN,35.405,116.5814,81.93,45,57,2.95,broken clouds
204,Iqaluit,CA,63.7506,-68.5145,37.13,100,100,9.22,light rain
205,Acapulco,MX,16.8634,-99.8901,80.42,83,0,3.44,clear sky
206,Okhotsk,RU,59.3833,143.3,62.46,71,100,6.71,light rain
207,San Lorenzo,PY,-25.3333,-57.5333,70.74,60,0,8.05,clear sky
208,Opuwo,NA,-18.0607,13.84,75.43,15,3,11.86,clear sky
209,Hualmay,PE,-11.0964,-77.6139,59.92,86,34,8.68,scattered clouds
210,Sinnamary,GF,5.3833,-52.95,75.78,88,100,6.44,overcast clouds
211,Port Hardy,CA,50.6996,-127.4199,57.2,100,0,3.44,clear sky
212,Hovd,MN,48.0056,91.6419,67.19,25,0,8.16,clear sky
213,Vikulovo,RU,56.8167,70.6107,74.89,52,24,6.06,few clouds
214,Sao Filipe,CV,14.8961,-24.4956,78.22,87,93,12.35,overcast clouds
215,Marystown,CA,47.1666,-55.1483,66.92,97,100,13.6,overcast clouds
216,Matadi,CD,-5.8167,13.45,78.35,62,33,4.5,scattered clouds
217,Awjilah,LY,29.1081,21.2869,86.0,45,0,7.9,clear sky
218,Ventspils,LV,57.3894,21.5606,67.93,94,0,4.61,moderate rain
219,Kargasok,RU,59.0556,80.8572,74.95,50,46,10.87,scattered clouds
220,Vung Tau,VN,10.346,107.0843,85.46,71,100,8.03,overcast clouds
221,Mahebourg,MU,-20.4081,57.7,75.49,53,75,16.11,broken clouds
222,Baoqing,CN,46.3317,132.2111,71.35,60,100,4.29,overcast clouds
223,Mackay,AU,-21.15,149.2,59.68,51,0,18.88,clear sky
224,Chernoyerkovskaya,RU,45.4331,37.7686,85.78,33,18,19.73,few clouds
225,Negombo,LK,7.2083,79.8358,86.05,66,40,9.22,scattered clouds
226,Sunyani,GH,7.3399,-2.3268,70.39,95,100,5.37,overcast clouds
227,Laguna,US,38.421,-121.4238,78.17,61,0,8.05,clear sky
228,Tonantins,BR,-2.8731,-67.8022,70.09,80,64,3.02,broken clouds
229,Verkh-Usugli,RU,52.7,115.1667,58.57,46,99,11.16,overcast clouds
230,Mitsamiouli,KM,-11.3847,43.2844,77.85,70,78,10.0,broken clouds
231,Cidreira,BR,-30.1811,-50.2056,58.55,93,97,12.06,overcast clouds
232,Roald,NO,62.5833,6.1333,69.17,67,0,6.91,clear sky
233,Teguise,ES,29.0605,-13.564,70.02,78,40,20.71,scattered clouds
234,Humaita,BR,-7.5061,-63.0208,70.41,54,5,1.25,clear sky
235,Severo-Kurilsk,RU,50.6789,156.125,55.26,87,25,19.57,scattered clouds
236,Helong,CN,42.5397,128.9972,72.88,52,14,5.73,few clouds
237,Ilulissat,GL,69.2167,-51.1,46.42,61,100,13.8,overcast clouds
238,Cairns,AU,-16.9167,145.7667,75.07,64,2,16.11,clear sky
239,Samarai,PG,-10.6167,150.6667,80.56,81,100,12.17,overcast clouds
240,Belaya Gora,RU,68.5333,146.4167,48.34,73,100,10.92,overcast clouds
241,Ancud,CL,-41.8697,-73.8203,38.23,78,9,1.12,clear sky
242,Sorland,NO,67.667,12.6934,53.46,75,21,14.16,few clouds
243,Nantucket,US,41.2835,-70.0995,75.31,100,20,5.75,mist
244,Weiser,US,44.251,-116.9693,77.9,40,1,4.0,clear sky
245,Prainha,BR,-1.8,-53.48,73.71,82,59,2.55,broken clouds
246,Bria,CF,6.5423,21.9863,78.66,69,74,4.65,broken clouds
247,Daru,PG,-9.0763,143.2092,76.5,92,92,15.43,light rain
248,Acari,PE,-15.4311,-74.6158,61.75,68,90,2.13,overcast clouds
249,Alekseyevsk,RU,57.8406,108.3492,51.66,77,98,2.04,light rain
250,Gushikawa,JP,26.3544,127.8686,89.6,70,0,12.66,clear sky
251,Diffa,NE,13.3154,12.6113,85.01,59,88,17.6,overcast clouds
252,Pangnirtung,CA,66.1451,-65.7125,41.77,97,100,7.16,light rain
253,Wajir,KE,1.7471,40.0573,81.68,49,100,19.98,overcast clouds
254,Sobolevo,RU,54.4299,31.8996,77.83,40,8,9.91,clear sky
255,Mildura,AU,-34.2,142.15,55.08,68,99,12.17,overcast clouds
256,Hirna,ET,9.2167,41.1,68.45,65,95,3.4,light rain
257,Katsuura,JP,35.1333,140.3,78.3,92,100,13.96,heavy intensity rain
258,Bongandanga,CD,1.5,21.05,88.07,44,48,2.28,scattered clouds
259,Kandrian,PG,-6.2167,149.55,79.39,82,91,6.13,overcast clouds
260,Tautira,PF,-17.7333,-149.15,75.99,79,84,17.63,broken clouds
261,Kiama,AU,-34.6833,150.8667,55.99,72,38,4.92,scattered clouds
262,Barentu,ER,15.1139,37.5928,84.25,54,79,7.74,broken clouds
263,Thompson,CA,55.7435,-97.8558,32.16,93,0,0.0,clear sky
264,Matamoros,MX,25.5333,-103.25,76.59,60,100,2.84,overcast clouds
265,Bodden Town,KY,19.2833,-81.25,81.93,82,8,10.09,clear sky
266,Westport,US,41.1415,-73.3579,72.79,85,0,6.91,clear sky
267,Codrington,AU,-38.2667,141.9667,51.62,94,100,16.55,overcast clouds
268,Victoria,HK,22.2855,114.1577,93.25,77,100,11.01,overcast clouds
269,Vanavara,RU,60.34,102.2797,50.85,83,99,4.72,overcast clouds
270,Ambatofinandrahana,MG,-20.55,46.8,68.77,39,10,13.73,clear sky
271,Beyneu,KZ,45.3167,55.2,84.22,17,0,15.64,clear sky
272,Santiago De Chuco,PE,-8.15,-78.1833,46.76,79,2,3.76,clear sky
273,Dryden,CA,49.7833,-92.7503,61.09,82,100,3.44,overcast clouds
274,Kawalu,ID,-7.3817,108.2082,77.79,77,89,6.2,overcast clouds
275,Vredendal,ZA,-31.6683,18.5012,73.27,22,4,3.44,clear sky
276,Azul,AR,-36.777,-59.8585,47.34,83,100,4.0,overcast clouds
277,Visnes,NO,59.3556,5.2242,71.22,68,40,13.8,scattered clouds
278,Port Lincoln,AU,-34.7333,135.8667,52.59,71,45,9.55,scattered clouds
279,Saint-Gabriel,CA,46.3001,-73.3824,65.88,93,46,3.53,scattered clouds
280,Itarema,BR,-2.9248,-39.9167,76.46,76,24,12.19,few clouds
281,Hasaki,JP,35.7333,140.8333,79.29,90,100,17.29,overcast clouds
282,Kirkuk,IQ,35.4681,44.3922,107.01,10,0,10.54,clear sky
283,Kuala Pilah,MY,2.7389,102.2487,86.36,63,100,5.44,overcast clouds
284,Moranbah,AU,-22.0016,148.0466,56.95,24,0,10.83,clear sky
285,Yarim,YE,14.298,44.3779,71.28,35,49,10.4,scattered clouds
286,Khartoum,SD,15.5518,32.5324,97.02,46,16,1.01,few clouds
287,Umm Kaddadah,SD,13.6017,26.6876,85.3,47,46,10.69,scattered clouds
288,Cassia,BR,-20.5831,-46.9219,55.87,72,70,2.75,broken clouds
289,Nadym,RU,65.5333,72.5167,73.4,53,100,16.44,overcast clouds
290,Pingzhuang,CN,42.0372,119.2889,77.67,35,92,6.42,overcast clouds
291,Vanimo,PG,-2.6741,141.3028,80.1,81,36,6.26,scattered clouds
292,Thinadhoo,MV,0.5333,72.9333,82.63,73,15,11.99,few clouds
293,Coihaique,CL,-45.5752,-72.0662,40.95,70,75,4.61,broken clouds
294,Sitka,US,57.0531,-135.33,60.69,88,100,8.05,overcast clouds
295,Margate,GB,51.3813,1.3862,73.11,83,93,3.0,overcast clouds
296,Ames,US,42.0347,-93.6199,69.15,91,20,5.75,few clouds
297,Leh,IN,34.1667,77.5833,71.76,30,38,5.57,scattered clouds
298,Staropesterevo,RU,54.5001,86.4094,68.18,48,8,5.3,clear sky
299,Bonavista,CA,48.6499,-53.1147,63.73,99,100,17.22,light rain
300,Inta,RU,66.0317,60.1659,68.68,37,72,23.55,broken clouds
301,Vila Franca Do Campo,PT,37.7167,-25.4333,72.19,74,87,2.26,overcast clouds
302,Alma,CA,48.5501,-71.6491,65.1,94,35,2.73,scattered clouds
303,Valdivia,CL,-39.8142,-73.2459,32.09,99,97,2.19,overcast clouds
304,Olinda,BR,-8.0089,-34.8553,74.93,73,40,14.97,scattered clouds
305,Hamilton,US,39.1834,-84.5333,63.45,93,0,0.0,mist
306,Puerto Madryn,AR,-42.7692,-65.0385,47.12,70,0,10.51,clear sky
307,Ucluelet,CA,48.9329,-125.5528,59.09,93,1,3.0,clear sky
308,Padang,ID,-0.9492,100.3543,84.25,81,100,3.6,overcast clouds
309,Labuhan,ID,-6.8844,112.2051,85.6,57,39,11.43,scattered clouds
310,Nuuk,GL,64.1835,-51.7216,43.41,87,97,2.3,overcast clouds
311,Taltal,CL,-25.4,-70.4833,56.95,71,47,2.95,scattered clouds
312,Bundaberg,AU,-24.85,152.35,60.22,52,0,1.01,clear sky
313,Road Town,VG,18.4167,-64.6167,82.49,69,8,16.49,clear sky
314,Jiuquan,CN,39.7432,98.5174,77.74,40,67,13.4,broken clouds
315,Zuwarah,LY,32.9312,12.082,83.7,53,0,4.52,clear sky
316,Batouri,CM,4.4333,14.3667,74.71,80,91,3.91,overcast clouds
317,Skjervoy,NO,70.0311,20.9714,53.6,81,82,7.11,broken clouds
318,Tecoanapa,MX,16.5167,-98.75,76.62,87,72,3.98,broken clouds
319,Yar-Sale,RU,66.8333,70.8333,69.96,58,89,12.5,overcast clouds
320,Vadso,NO,70.0744,29.7487,52.68,62,75,13.8,broken clouds
321,Progreso,MX,21.2833,-89.6667,75.31,88,97,7.27,overcast clouds
322,Burpengary,AU,-27.1575,152.9576,61.29,65,1,6.35,clear sky
323,Collipulli,CL,-37.95,-72.4333,44.56,99,92,3.51,overcast clouds
324,Quang Ngai,VN,15.1167,108.8,88.12,64,97,6.96,overcast clouds
325,Sioux Lookout,CA,50.1001,-91.917,57.27,94,100,2.3,overcast clouds
326,Los Llanos De Aridane,ES,28.6585,-17.9182,70.12,89,75,13.8,broken clouds
327,Darnah,LY,32.767,22.6367,81.23,59,0,13.4,clear sky
328,Araouane,ML,18.9048,-3.5265,92.46,37,97,15.68,overcast clouds
329,Chuy,UY,-33.6971,-53.4616,51.33,95,30,3.65,scattered clouds
330,Ngorongoro,TZ,-3.2397,35.4875,59.99,44,50,9.73,scattered clouds
331,Teahupoo,PF,-17.8333,-149.2667,67.96,79,86,17.87,overcast clouds
332,Anloga,GH,5.7947,0.8973,76.75,80,89,8.72,overcast clouds
333,Melfi,IT,40.9965,15.6514,73.96,58,21,12.93,few clouds
334,Yajalon,MX,17.2333,-92.3333,66.06,97,68,3.11,broken clouds
335,Isiro,CD,2.7739,27.616,70.36,89,95,2.59,overcast clouds
336,Quelimane,MZ,-17.8786,36.8883,75.15,64,40,10.36,scattered clouds
337,Fort Nelson,CA,58.8053,-122.7002,60.39,88,20,2.3,few clouds
338,Las Vegas,US,36.175,-115.1372,92.61,32,0,6.91,clear sky
339,Tumbagaan,PH,5.3656,120.3139,82.6,79,99,9.15,overcast clouds
340,Shimoda,JP,34.6667,138.95,88.16,87,100,1.81,overcast clouds
341,Alta Floresta,BR,-9.8756,-56.0861,67.98,56,50,3.56,scattered clouds
342,Seoul,KR,37.5683,126.9778,80.17,59,75,10.36,broken clouds
343,Jijiga,ET,9.35,42.8,72.95,50,61,22.32,broken clouds
344,Jega,NG,12.2175,4.3792,74.8,87,99,10.65,overcast clouds
345,Puerto Baquerizo Moreno,EC,-0.9,-89.6,67.37,83,52,10.85,broken clouds
346,Mayskiy,RU,47.6931,40.1025,85.41,15,0,21.41,clear sky
347,Lichuan,CN,30.3,108.85,79.41,69,98,4.05,overcast clouds
348,Eureka,US,40.8021,-124.1637,61.66,94,95,3.0,overcast clouds
349,Comal,US,29.8169,-98.3003,78.96,91,37,5.08,scattered clouds
350,Port-Cartier,CA,50.0334,-66.8654,63.75,96,99,3.62,overcast clouds
351,Kundla,IN,21.3333,71.3,88.02,58,93,15.95,overcast clouds
352,Narsaq,GL,60.9167,-46.05,43.02,86,33,3.15,scattered clouds
353,Taoudenni,ML,22.6783,-3.9836,102.49,22,15,18.99,few clouds
354,Devils Lake,US,48.1128,-98.8651,60.94,97,100,9.22,overcast clouds
355,Fairbanks,US,64.8378,-147.7164,55.98,81,40,3.44,scattered clouds
356,Nkhotakota,MW,-12.9274,34.2961,76.17,52,6,10.2,clear sky
357,Turukhansk,RU,65.8167,87.9833,65.3,56,86,8.05,overcast clouds
358,Dunedin,NZ,-45.8742,170.5036,46.8,54,4,5.01,clear sky
359,Singaraja,ID,-8.112,115.0882,81.19,66,84,4.32,broken clouds
360,Conakry,GN,9.538,-13.6773,75.27,100,75,2.3,light rain
361,Makakilo City,US,21.3469,-158.0858,77.32,79,20,4.61,few clouds
362,Camacha,PT,33.0833,-16.3333,69.22,68,75,10.36,broken clouds
363,Severnyy,RU,50.677,36.5532,80.64,32,0,8.95,clear sky
364,San Jeronimo,PE,-11.9472,-75.2829,43.29,86,34,0.94,scattered clouds
365,Alfenas,BR,-21.4292,-45.9472,51.67,83,33,2.73,scattered clouds
366,Nkoteng,CM,4.5167,12.0333,74.91,77,100,5.28,overcast clouds
367,Alice Springs,AU,-23.7,133.8833,60.35,26,0,14.97,clear sky
368,Guerrero Negro,MX,27.9769,-114.0611,71.98,81,68,4.65,broken clouds
369,Rantauprapat,ID,2.1,99.8333,83.82,82,97,1.61,overcast clouds
370,The Valley,AI,18.217,-63.0578,82.26,71,4,16.26,clear sky
371,Santa Cruz De Tenerife,ES,28.4682,-16.2546,78.87,84,40,23.02,scattered clouds
372,Prince Rupert,CA,54.3161,-130.3201,60.49,96,0,5.75,clear sky
373,Sirur,IN,18.8333,74.3833,83.89,58,100,17.85,overcast clouds
374,Souillac,MU,-20.5167,57.5167,75.58,53,75,16.11,broken clouds
375,Puerto Del Rosario,ES,28.5004,-13.8627,73.15,78,75,18.41,broken clouds
376,Kerrobert,CA,51.9168,-109.1348,59.05,55,100,4.76,overcast clouds
377,Bandar-E Anzali,IR,37.4727,49.4622,87.91,50,0,9.82,clear sky
378,Tungor,RU,53.3808,142.9564,53.13,81,100,18.95,overcast clouds
379,Brufut,GM,13.3814,-16.7518,78.89,100,40,0.0,scattered clouds
380,Nakhon Phanom,TH,17.3333,104.4167,87.48,58,94,2.46,overcast clouds
381,Kodiak,US,57.79,-152.4072,54.91,94,100,16.11,moderate rain
382,Tilichiki,RU,60.4667,166.1,50.99,93,100,19.13,light rain
383,Pyaozerskiy,RU,65.8333,31.1667,62.17,52,99,2.57,overcast clouds
384,Puerto Leguizamo,CO,-0.1934,-74.7819,67.08,93,34,1.66,scattered clouds
385,Cockburn Town,TC,21.4612,-71.1419,83.05,75,59,13.91,broken clouds
386,Voh,NC,-20.9667,164.7,69.48,80,0,4.63,clear sky
387,Cayenne,GF,4.9333,-52.3333,73.44,94,0,0.0,clear sky
388,Aksarka,RU,66.5606,67.7975,72.18,42,75,18.81,broken clouds
389,Bilma,NE,18.6853,12.9164,97.05,31,37,9.42,scattered clouds
390,Klaksvik,FO,62.2266,-6.589,54.52,79,64,6.82,broken clouds
391,Tamiahua,MX,21.2667,-97.45,77.43,89,12,2.91,few clouds
392,Lavumisa,SZ,-27.31,31.892,73.9,42,0,7.16,clear sky
393,Onokhoy,RU,51.932,108.0747,58.75,53,80,14.99,broken clouds
394,Tabuk,PH,17.4189,121.4443,77.88,87,100,6.71,overcast clouds
395,Beringovskiy,RU,63.05,179.3167,50.83,90,100,6.11,overcast clouds
396,Coos Bay,US,43.3665,-124.2179,61.99,93,100,8.05,overcast clouds
397,Marang,MY,5.2056,103.2059,88.93,72,53,6.8,broken clouds
398,Royan,FR,45.6285,-1.0281,78.84,51,84,8.25,broken clouds
399,Maine-Soroa,NE,13.2114,12.0241,84.24,60,96,18.25,overcast clouds
400,Hluti,SZ,-27.2167,31.6167,70.27,43,0,5.93,clear sky
401,Dobra,RO,44.7833,25.7167,82.76,52,100,4.16,overcast clouds
402,Kuandian,CN,40.7286,124.7847,72.77,71,8,3.0,clear sky
403,Odienne,CI,9.51,-7.5692,70.57,97,100,4.65,overcast clouds
404,Teya,RU,60.3778,92.6267,60.6,79,99,5.86,overcast clouds
405,Cikupa,ID,-6.2364,106.5083,94.35,63,42,11.16,scattered clouds
406,Vardo,NO,70.3705,31.1107,48.18,81,75,13.8,broken clouds
407,Bell Ville,AR,-32.6259,-62.6887,52.93,81,6,4.09,clear sky
408,Okato,NZ,-39.2,173.8833,54.18,80,100,3.0,overcast clouds
409,Toppenish,US,46.3774,-120.3087,77.02,51,6,4.65,clear sky
410,Berlevag,NO,70.8578,29.0864,50.0,71,75,17.27,broken clouds
411,Arkhangelskoye,RU,55.8549,35.3287,82.76,27,77,8.37,broken clouds
412,Tevriz,RU,57.509,72.4042,73.94,53,85,3.49,overcast clouds
413,Ayan,RU,56.45,138.1667,57.02,62,75,16.93,broken clouds
414,Chino Valley,US,34.7575,-112.4538,67.96,76,0,6.91,clear sky
415,El Alto,PE,-4.2714,-81.2147,61.74,87,3,10.92,clear sky
416,Lucapa,AO,-8.4192,20.7447,87.37,19,12,7.47,few clouds
417,Puerto Escondido,MX,15.85,-97.0667,78.93,85,95,4.85,overcast clouds
418,Kavaratti,IN,10.5669,72.642,79.95,76,100,11.72,moderate rain
419,Olafsvik,IS,64.8945,-23.7142,47.68,76,96,15.86,overcast clouds
420,Menzelinsk,RU,55.7271,53.1026,84.25,34,9,7.23,clear sky
421,Nome,US,64.5011,-165.4064,42.87,81,0,5.75,clear sky
422,Bintulu,MY,3.1667,113.0333,90.01,62,20,9.22,few clouds
423,Tanabe,JP,33.7333,135.3667,87.01,74,75,11.5,broken clouds
424,North Platte,US,41.1239,-100.7654,68.11,64,4,7.0,clear sky
425,High Level,CA,58.5169,-117.136,62.71,82,0,3.44,clear sky
426,Douglas,US,41.3,-96.167,73.27,77,0,5.75,clear sky
427,Vallenar,CL,-28.5708,-70.7581,59.54,47,2,1.01,clear sky
428,Taihe,CN,30.8712,105.3845,100.22,40,41,6.44,scattered clouds
429,Drayton Valley,CA,53.2168,-114.9854,52.86,79,14,4.29,few clouds
430,Tsuyama,JP,35.05,134.0,81.43,92,100,4.45,overcast clouds
431,Khash,IR,28.2211,61.2158,89.42,7,5,12.57,clear sky
432,Chapais,CA,49.7834,-74.8492,60.58,81,65,4.38,broken clouds
433,Jaumave,MX,23.4167,-99.3833,68.81,89,100,3.62,overcast clouds
434,Cururupu,BR,-1.8283,-44.8683,74.16,93,56,4.54,broken clouds
435,Andilamena,MG,-17.0167,48.5833,66.33,63,54,15.55,broken clouds
436,Umm Lajj,SA,25.0213,37.2685,102.79,23,2,13.89,clear sky
437,Farafangana,MG,-22.8167,47.8333,71.49,76,64,9.13,light rain
438,Vestmanna,FO,62.1564,-7.1664,52.72,94,20,10.36,few clouds
439,Mattru,SL,7.6244,-11.8332,76.6,90,99,1.83,moderate rain
440,Flinders,AU,-34.5833,150.8552,55.18,68,33,3.0,scattered clouds
441,Sechura,PE,-5.5569,-80.8222,62.82,84,46,7.05,scattered clouds
442,Ekhabi,RU,53.5102,142.9671,53.22,83,99,19.95,overcast clouds
443,Saint Anthony,US,45.0205,-93.218,71.65,79,20,5.75,few clouds
444,Qasigiannguit,GL,68.8193,-51.1922,46.65,77,98,4.14,overcast clouds
445,Caraballeda,VE,10.6112,-66.8522,80.85,82,40,6.91,scattered clouds
446,Deputatskiy,RU,69.3,139.9,46.51,59,91,6.29,overcast clouds
447,Zhuhai,CN,22.2769,113.5678,92.98,66,20,11.5,few clouds
448,Kaitangata,NZ,-46.2817,169.8464,38.97,79,2,6.02,clear sky
449,Jaisinghnagar,IN,23.7,81.3833,85.6,64,100,5.95,overcast clouds
450,Kabale,UG,-1.2486,29.9899,68.9,52,43,8.59,scattered clouds
451,Ngawi,ID,-7.4038,111.4461,91.74,33,97,7.29,overcast clouds
452,Ghanzi,BW,-21.5667,21.7833,73.08,22,0,13.58,clear sky
453,Taksimo,RU,56.3444,114.8794,51.3,71,100,2.44,light rain
454,Iquique,CL,-20.2208,-70.1431,55.44,75,9,3.58,clear sky
455,Kutum,SD,14.2,24.6667,78.84,55,67,6.24,broken clouds
456,Blind River,CA,46.1834,-82.9582,66.31,89,68,4.72,broken clouds
457,Ridgecrest,US,35.6225,-117.6709,90.64,20,0,12.66,clear sky
458,San Luis,AR,-33.295,-66.3356,53.58,31,83,5.12,broken clouds
459,Benguela,AO,-12.5763,13.4055,72.46,73,70,6.13,broken clouds
460,Vale,GE,41.6156,42.8722,83.5,37,6,4.09,clear sky
461,Ust-Nera,RU,64.5667,143.2,57.31,70,98,8.16,light rain
462,Mayya,RU,61.7333,130.2811,51.12,97,100,6.29,overcast clouds
463,Airai,TL,-8.9266,125.4092,63.68,70,100,3.91,overcast clouds
464,Paramonga,PE,-10.6667,-77.8333,60.37,87,63,7.58,broken clouds
465,Verkhoyansk,RU,67.5447,133.385,48.74,74,100,8.81,overcast clouds
466,Ulladulla,AU,-35.35,150.4667,50.77,59,86,1.3,overcast clouds
467,Morondava,MG,-20.2833,44.2833,80.15,58,0,10.27,clear sky
468,Villa Del Rosario,CO,7.8339,-72.4742,69.28,85,32,4.79,scattered clouds
469,Qaqortoq,GL,60.7167,-46.0333,44.35,89,43,4.41,scattered clouds
470,Wattegama,LK,6.7989,81.4808,83.12,59,100,3.94,overcast clouds
471,Kirkwall,GB,58.9848,-2.9587,57.96,100,75,6.91,fog
472,Bendigo,AU,-36.7667,144.2833,51.85,60,100,1.01,overcast clouds
473,Baishishan,CN,43.5833,127.5667,66.97,72,83,3.15,broken clouds
474,Piacabucu,BR,-10.4056,-36.4344,72.5,78,100,10.54,overcast clouds
475,Isabela,PH,6.7085,121.9711,86.05,82,100,6.13,overcast clouds
476,Itamaraca,BR,-7.7478,-34.8256,75.25,84,61,11.65,broken clouds
477,Glendive,US,47.1053,-104.7125,67.62,85,0,8.05,clear sky
478,Tura,IN,25.5198,90.2201,85.01,71,78,5.03,broken clouds
479,Adrar,MR,20.5022,-10.0711,93.96,31,5,13.91,clear sky
480,High Prairie,CA,55.4334,-116.4858,58.66,79,12,4.36,few clouds
481,Bilibino,RU,68.0546,166.4372,53.33,78,42,2.37,scattered clouds
482,Lima,PE,-12.0432,-77.0282,58.89,87,100,6.91,overcast clouds
483,Rincon,US,32.296,-81.2354,77.86,93,0,0.0,clear sky
484,Biak,ID,-0.9131,122.8766,78.48,82,76,6.91,broken clouds
485,Mobaye,CF,4.319,21.1786,81.19,66,97,3.76,overcast clouds
486,Kharan,PK,28.5833,65.4167,81.77,20,100,4.74,overcast clouds
487,Celestun,MX,20.8667,-90.4,77.49,87,88,7.99,overcast clouds
488,Vilhena,BR,-12.7406,-60.1458,64.87,48,44,3.22,scattered clouds
489,Bowen,AU,-20.0167,148.2333,65.32,62,0,12.68,clear sky
490,Yima,CN,34.7381,111.8839,85.93,43,29,6.93,scattered clouds
491,Ixtapa,MX,20.7,-105.2,80.22,94,0,4.61,clear sky
492,Guarapari,BR,-20.6667,-40.4975,63.9,89,18,5.79,few clouds
493,Dicabisagan,PH,17.0818,122.4157,83.35,80,100,11.18,heavy intensity rain
494,Boguchany,RU,58.3814,97.4531,51.31,96,100,5.44,overcast clouds
495,Xiongzhou,CN,25.1167,114.3,95.09,45,94,6.08,overcast clouds
496,Imbituba,BR,-28.24,-48.6703,64.85,99,76,8.1,broken clouds
497,Rock Sound,BS,24.9,-76.2,82.81,72,40,8.9,scattered clouds
498,Dawei,MM,14.0833,98.2,85.12,71,51,6.76,broken clouds
499,Yenagoa,NG,4.9247,6.2642,81.95,66,52,4.88,broken clouds
500,Broome,US,42.2506,-75.833,63.61,97,0,6.91,clear sky
501,Houma,US,29.5958,-90.7195,78.8,94,91,0.0,overcast clouds
502,Karratha,AU,-20.7377,116.8463,76.41,29,0,10.8,clear sky
503,Manggar,ID,-2.8833,108.2667,83.3,68,21,14.05,few clouds
504,Ostashkov,RU,57.1467,33.1075,84.04,34,63,7.81,broken clouds
505,Erzin,TR,36.9559,36.2,84.54,63,62,6.46,broken clouds
506,Bull Savanna,JM,17.8868,-77.5902,75.9,88,12,7.38,few clouds
507,Moose Factory,CA,51.2585,-80.6094,50.0,87,100,5.75,overcast clouds
508,Nelipyno,UA,48.561,23.0315,72.41,48,88,1.19,overcast clouds
509,Bafq,IR,31.6128,55.4107,90.66,8,0,18.77,clear sky
510,Bud,US,39.447,-86.1758,63.82,95,1,1.79,clear sky
511,Bar Harbor,US,44.3876,-68.2039,64.24,94,100,3.44,mist
512,Pacific Grove,US,36.6177,-121.9166,60.48,93,100,6.91,mist
513,Gizo,SB,-8.103,156.8419,82.15,76,98,6.98,light rain
514,Zunyi,CN,27.6867,106.9072,84.87,64,99,9.91,overcast clouds
515,Leeton,AU,-34.5667,146.4,50.9,61,95,8.75,overcast clouds
516,Ketchikan,US,55.3422,-131.6461,63.07,82,0,5.75,clear sky
517,Praia Da Vitoria,PT,38.7333,-27.0667,71.85,88,20,2.01,light intensity shower rain
518,Tongliao,CN,43.6125,122.2653,78.51,46,75,2.77,broken clouds
519,Waingapu,ID,-9.6567,120.2641,81.72,53,100,18.43,overcast clouds
520,Alofi,NU,-19.0595,-169.9187,69.69,100,2,3.44,clear sky
521,Chumikan,RU,54.7183,135.315,62.42,60,44,4.63,scattered clouds
522,Abdulino,RU,53.7,53.6667,84.9,22,10,10.45,clear sky
523,Mykhaylivka,UA,47.2724,35.2224,90.37,17,2,25.21,clear sky
524,Luwuk,ID,-0.9516,122.7875,80.04,85,73,6.15,broken clouds
525,Gasa,PS,31.5,34.4667,92.88,39,0,8.68,clear sky
526,San Pablo De Borbur,CO,5.6603,-74.0621,67.86,90,64,5.1,broken clouds
527,Ust-Barguzin,RU,53.45,108.9833,52.43,68,78,9.8,light rain
528,Beneditinos,BR,-5.45,-42.3667,71.76,63,66,4.65,broken clouds
529,Binzhou,CN,37.3667,118.0167,73.69,68,99,3.0,overcast clouds
530,Port Hedland,AU,-20.3167,118.5667,82.45,24,1,9.22,clear sky
531,Yingcheng,CN,30.95,113.55,90.61,57,84,9.69,broken clouds
532,Muscat,OM,23.6139,58.5922,93.22,51,73,11.03,broken clouds
533,Hun,LY,29.1268,15.9477,87.57,39,0,2.19,clear sky
534,Luganville,VU,-15.5333,167.1667,77.52,86,34,8.48,scattered clouds
535,Amapa,BR,1.0,-52.0,69.13,99,96,0.56,overcast clouds
536,Bellary,IN,15.15,76.9333,85.91,49,100,11.9,overcast clouds
537,Raudeberg,NO,61.9875,5.1352,65.86,66,85,5.53,overcast clouds
538,Anadyr,RU,64.75,177.4833,55.9,62,20,6.71,few clouds
539,Muros,ES,42.7762,-9.0603,72.09,81,28,7.36,scattered clouds
540,Rawson,AR,-43.3002,-65.1023,45.59,66,0,10.67,clear sky
541,Penzance,GB,50.1186,-5.5371,66.88,100,40,2.3,scattered clouds
542,Kanigoro,ID,-8.13,112.219,79.2,71,88,12.44,overcast clouds
543,Atasu,KZ,48.6814,71.6433,72.64,23,0,17.05,clear sky
544,Yumen,CN,40.2833,97.2,83.82,27,21,16.17,few clouds
545,Mareeba,AU,-17.0,145.4333,66.92,65,2,4.81,clear sky
546,Harrisburg,US,40.2737,-76.8844,68.61,90,0,3.44,clear sky
547,Udachnyy,RU,66.4167,112.4,49.95,63,98,9.22,overcast clouds
548,Mgandu,TZ,-5.95,34.1333,74.39,33,3,12.12,clear sky
549,Sola,VU,-13.8833,167.55,79.5,80,38,15.01,scattered clouds
550,Avera,US,33.194,-82.5271,72.37,91,97,5.41,overcast clouds
551,Mataram,ID,-8.5833,116.1167,85.01,65,91,11.68,overcast clouds
552,Ubinskoye,RU,55.3068,79.6802,72.5,43,39,6.98,scattered clouds
553,Xacmaz,AZ,41.4635,48.806,89.11,27,0,25.08,clear sky
554,Yavas,RU,54.4159,42.8491,87.89,27,51,3.65,broken clouds
555,Yuancheng,CN,36.652,107.7896,62.2,83,100,7.96,overcast clouds
556,Namibe,AO,-15.1961,12.1522,74.07,57,6,5.77,clear sky
557,Aleksandrovka,UA,46.8383,32.7612,87.49,24,12,17.56,few clouds
558,Porto Torres,IT,40.835,8.3972,84.38,56,0,5.93,clear sky
559,Tevaitoa,PF,-16.7833,-151.5,76.87,77,8,10.85,clear sky
560,Warrington,GB,53.3925,-2.5802,66.92,89,75,11.5,light intensity drizzle
561,Mabaruma,GY,8.2,-59.7833,70.34,99,100,3.02,overcast clouds
562,Sheridan,US,44.8333,-106.9173,64.92,78,0,3.44,clear sky
563,Kupang,ID,-10.1667,123.5833,84.78,54,20,18.41,few clouds
564,Aykhal,RU,66.0,111.5,46.65,76,100,7.87,overcast clouds
565,Jacmel,HT,18.2342,-72.5347,76.84,84,91,1.72,overcast clouds
566,Kyabe,TD,9.4515,18.9449,75.78,89,100,5.14,light rain
567,Gamba,GA,-2.65,10.0,77.68,66,8,6.31,clear sky
568,Botou,CN,38.0667,116.5667,70.57,80,99,5.59,overcast clouds
569,Lompoc,US,34.6391,-120.4579,57.34,98,100,4.61,overcast clouds
570,Manado,ID,1.487,124.8455,88.57,58,20,8.05,few clouds
571,Vuktyl,RU,63.8567,57.3094,74.95,30,77,12.77,broken clouds
572,Kampong Cham,KH,11.9934,105.4635,90.0,59,100,4.68,overcast clouds
573,Tamandare,BR,-8.7597,-35.1047,72.97,83,84,10.94,broken clouds
574,Gawler,AU,-34.6,138.7333,54.16,92,46,5.19,scattered clouds
575,Dali,CN,25.7,100.1833,75.04,75,55,4.52,broken clouds
576,Sabha,LY,27.0377,14.4283,97.9,18,0,14.81,clear sky
577,Hobyo,SO,5.3505,48.5268,83.71,59,39,24.36,scattered clouds
578,Islaz,RO,43.7333,24.75,74.08,67,100,3.91,overcast clouds
579,Sokna,NO,60.24,9.9235,65.91,56,70,3.96,broken clouds
580,Hervey Bay,AU,-25.2986,152.8535,60.48,54,0,5.53,clear sky
581,Zhigalovo,RU,54.8097,105.1578,49.35,87,100,8.66,light rain
582,Bayangol,RU,50.6977,103.4656,52.25,74,94,5.75,overcast clouds
583,Sakakah,SA,29.9697,40.2064,90.97,12,0,10.13,clear sky
584,Prieska,ZA,-29.6641,22.7474,75.11,20,6,24.29,clear sky
585,Wanaka,NZ,-44.7,169.15,37.13,87,100,3.6,overcast clouds
586,Lichinga,MZ,-13.3128,35.2406,64.49,68,40,17.27,scattered clouds
587,Jaguariaiva,BR,-24.2511,-49.7058,50.14,97,98,5.66,overcast clouds
588,Segou,ML,13.4317,-6.2157,73.29,85,100,9.46,overcast clouds
589,Grand Island,US,40.925,-98.342,73.35,64,0,16.11,clear sky
590,Shonguy,RU,68.7526,33.146,57.07,58,40,11.18,scattered clouds
591,Anastacio,BR,-20.4836,-55.8069,71.26,56,96,6.04,overcast clouds
592,Bada,RU,51.392,109.8717,53.62,49,95,11.59,overcast clouds
593,Buriti,BR,-22.9302,-45.3881,54.54,97,55,2.68,broken clouds
594,Kodinar,IN,20.7903,70.7031,83.34,77,90,17.13,overcast clouds
595,Banyo,CM,6.75,11.8167,71.69,85,100,2.55,moderate rain
596,Zeya,RU,53.75,127.2667,64.83,59,74,4.36,broken clouds
597,Miri,MY,4.4148,114.0089,82.54,89,40,2.3,thunderstorm
598,Porterville,US,36.0652,-119.0168,80.55,44,0,0.0,clear sky
599,Lukovetskiy,RU,64.2956,41.9211,71.42,40,98,6.29,overcast clouds
600,Strezhevoy,RU,60.7333,77.5889,75.99,53,62,9.69,broken clouds
601,Great Bend,US,38.3645,-98.7648,65.03,76,0,0.0,clear sky
602,Nakuru,KE,-0.2833,36.0667,72.46,48,51,6.38,broken clouds
603,Zholymbet,KZ,51.7433,71.7122,70.72,29,8,10.78,clear sky
604,Nizhnyaya Tavda,RU,57.6731,66.1725,74.77,48,100,4.43,overcast clouds
605,Urengoy,RU,65.9667,78.3667,68.68,66,100,10.27,overcast clouds
606,Port Blair,IN,11.6667,92.75,86.04,74,40,11.5,scattered clouds
607,Pimentel,PE,-6.8367,-79.9342,62.1,87,90,8.23,overcast clouds
608,La Tuque,CA,47.4334,-72.7824,64.65,94,81,0.0,broken clouds
609,Khonsa,IN,27.0167,95.5667,79.66,90,100,2.17,overcast clouds
610,Taubate,BR,-23.0264,-45.5553,53.28,97,51,2.51,broken clouds
611,Diamantino,BR,-14.4086,-56.4461,70.41,38,100,4.21,overcast clouds
612,Klyuchi,RU,52.2667,79.1667,72.72,30,0,13.04,clear sky
613,Hay River,CA,60.8156,-115.7999,69.78,60,75,11.5,smoke
614,Katete,UG,-0.7818,29.7544,79.84,36,66,5.35,broken clouds
615,Cozumel,MX,20.5083,-86.9458,80.22,84,6,6.93,clear sky
616,Micheweni,TZ,-4.9667,39.8333,80.17,63,17,14.25,light rain
617,Forrest City,US,35.0081,-90.7898,68.67,98,12,5.32,few clouds
618,Epiniana,GR,39.1429,21.6134,70.52,56,100,3.91,overcast clouds
619,Kodinsk,RU,58.6881,99.1844,49.66,96,100,5.17,overcast clouds
620,Nizhniy Odes,RU,63.6445,54.856,75.16,30,79,10.33,broken clouds
621,Jaisalmer,IN,26.9147,70.9181,84.7,73,80,19.57,broken clouds
622,Oriximina,BR,-1.7656,-55.8661,72.81,90,89,3.51,overcast clouds
623,Maurawan,IN,26.4333,80.8833,84.24,53,100,3.13,overcast clouds
624,Goderich,CA,43.7501,-81.7165,63.91,94,0,2.3,clear sky
625,Missoula,US,47.0166,-113.8009,66.6,94,23,4.47,few clouds
626,Grand Gaube,MU,-20.0064,57.6608,76.37,50,64,14.0,broken clouds
627,Glasgow,GB,55.8652,-4.2576,59.22,91,100,10.0,overcast clouds
628,Talaya,RU,61.3833,152.75,48.96,89,100,18.95,moderate rain
629,Nouakchott,MR,18.0858,-15.9785,82.33,81,69,17.54,broken clouds
630,Vostok,RU,46.4856,135.8833,59.16,69,100,5.82,overcast clouds
631,Viedma,AR,-40.8135,-62.9967,51.53,62,100,4.16,overcast clouds
632,Kruisfontein,ZA,-34.0033,24.7314,77.88,19,84,21.5,broken clouds
633,Yakeshi,CN,49.2833,120.7333,67.05,39,100,14.03,light rain
634,Baghdad,IQ,33.3406,44.4009,103.91,18,0,20.71,clear sky
635,Heyang,CN,26.1011,107.473,88.32,52,94,3.53,overcast clouds
636,Dongli,CN,23.5656,116.8194,84.18,79,40,17.9,scattered clouds
637,Hirara,JP,24.8,125.2833,89.87,70,75,11.5,broken clouds
638,Ilinskiy,RU,55.619,38.1182,86.72,29,0,8.99,clear sky
639,Mount Pleasant,US,32.7941,-79.8626,75.97,98,100,1.01,overcast clouds
640,Diego De Almagro,CL,-26.3667,-70.05,54.03,29,0,1.83,clear sky
641,Mumford,GH,5.2618,-0.759,76.41,80,97,8.9,overcast clouds
642,Berdigestyakh,RU,62.0989,126.6992,46.71,95,100,8.68,light rain
643,Huilong,CN,31.8111,121.655,78.53,67,98,10.4,overcast clouds
644,Barre,US,44.197,-72.5021,67.75,65,100,0.0,mist
645,Kelo,TD,9.3086,15.8066,74.5,91,100,2.95,moderate rain
646,Ikungi,TZ,-5.1333,34.7667,74.55,29,6,12.84,clear sky
647,Sabang,ID,5.8933,95.3214,81.82,76,91,16.73,overcast clouds
648,Chiredzi,ZW,-21.05,31.6667,73.29,42,3,7.43,clear sky
649,Kalat,PK,29.0225,66.5916,68.67,63,96,8.28,overcast clouds
650,Valea Ierii,RO,46.65,23.35,61.47,70,100,5.26,light rain
651,Kemijarvi,FI,66.7131,27.4306,59.5,54,100,3.6,overcast clouds
652,Asau,RO,46.4333,26.4,76.28,53,92,5.57,overcast clouds
653,Bilokurakyne,UA,49.5341,38.7307,89.2,15,0,19.84,clear sky
654,Jalu,LY,29.0331,21.5482,89.35,39,0,8.84,clear sky
655,Longonjo,AO,-12.9067,15.2533,81.25,22,99,5.37,overcast clouds
656,Powell,US,40.1578,-83.0752,59.92,96,0,0.0,mist
657,Daniel Flores,CR,9.3355,-83.6694,69.21,91,100,1.5,overcast clouds
658,Zhezkazgan,KZ,47.8043,67.7144,78.78,24,0,11.18,clear sky
659,Nelidovo,RU,56.2211,32.7774,83.16,30,80,8.03,broken clouds
660,Atyrau,KZ,47.1167,51.8833,89.62,23,0,11.18,clear sky
661,Gambo,CF,4.6482,22.2633,83.62,52,88,2.37,overcast clouds
662,Naron,ES,43.5167,-8.1528,72.03,85,66,5.14,broken clouds
663,Belyy Yar,RU,53.6039,91.3903,67.89,45,0,6.71,clear sky
664,Nemuro,JP,43.3236,145.575,66.61,80,76,7.49,broken clouds
665,Lapua,FI,62.9693,23.0088,57.34,97,100,9.46,light rain
666,Touba,CI,8.2833,-7.6833,69.48,97,100,5.41,light rain
667,Merritt Island,US,28.5392,-80.672,80.6,90,0,0.0,clear sky
668,Fria,GN,10.4167,-13.5833,74.21,91,100,1.99,overcast clouds
669,Tiznit,MA,29.5833,-9.5,81.86,44,90,4.65,overcast clouds
670,Banda Aceh,ID,5.5577,95.3222,83.82,68,90,10.6,overcast clouds
671,Creel,MX,27.75,-107.6333,56.26,96,100,2.59,overcast clouds
